proto	peer	clients	run	req_s	p50_us	p95_us	p99_us	ok	failed	cpu_pct	rss_kb	fd_count	tls_info
h2	mojo	1	1	15.733333333333333	64016.9580001384	67667.37496946007	74180.16600422561	236	0	12.1	18928	10	h2/TLSv1.3/TLS_AES_256_GCM_SHA384
h2	go	1	1	16.133333333333333	62444.41692251712	65377.50002462417	66259.16704069823	242	0	11.5	17232	6	h2/TLSv1.3/TLS_AES_128_GCM_SHA256
h2	go	1	2	16.2	62190.37505798042	65016.457927413285	67666.83293972164	243	0	12.2	17344	6	h2/TLSv1.3/TLS_AES_128_GCM_SHA256
h2	mojo	1	2	16.066666666666666	63225.87502654642	66945.29193919152	71364.25003409386	241	0	15.8	19200	10	h2/TLSv1.3/TLS_AES_256_GCM_SHA384
h2	mojo	1	3	15.666666666666666	63938.0409847945	67764.33298364282	75117.62506328523	235	0	15.9	19280	10	h2/TLSv1.3/TLS_AES_256_GCM_SHA384
h2	go	1	3	16.066666666666666	62453.08299548924	65384.62499156594	67852.83295903355	241	0	13.3	17344	6	h2/TLSv1.3/TLS_AES_128_GCM_SHA256
h2	mojo	16	1	220.53333333333333	72872.249991633	75610.25000177324	77102.95799188316	3308	0	28.6	22240	25	h2/TLSv1.3/TLS_AES_256_GCM_SHA384
h2	go	16	1	212.66666666666666	74957.12500531226	78690.74994232506	82526.33304800838	3190	0	30.0	17984	21	h2/TLSv1.3/TLS_AES_128_GCM_SHA256
h2	go	16	2	212.53333333333333	75265.04201814532	77562.66603246331	78456.6659713164	3188	0	28.2	18000	21	h2/TLSv1.3/TLS_AES_128_GCM_SHA256
h2	mojo	16	2	217.2	73783.16693939269	76215.33388737589	77232.66701214015	3258	0	29.5	22320	25	h2/TLSv1.3/TLS_AES_256_GCM_SHA384
h2	mojo	16	3	219.2	73615.70908688009	76299.25000946969	78980.33305536956	3288	0	30.8	22368	25	h2/TLSv1.3/TLS_AES_256_GCM_SHA384
h2	go	16	3	211.2	75678.95902320743	77894.33293510228	78676.04203056544	3168	0	28.0	18000	21	h2/TLSv1.3/TLS_AES_128_GCM_SHA256
h3	mojo	1	1	2.067	21572	23508	25196	31	1	0.1	18720	10	h3/TLSv1.3/aioquic-1.3.0
h3	aioquic	1	1	5.533	27269	32142	34246	83	0	6.3	49856	7	h3/TLSv1.3/aioquic-1.3.0
h3	aioquic	1	2	5.667	27268	33702	36704	85	0	7.0	50960	7	h3/TLSv1.3/aioquic-1.3.0
h3	mojo	1	2	8.667	20128	25080	28693	130	0	3.5	18864	10	h3/TLSv1.3/aioquic-1.3.0
h3	mojo	1	3	8.733	20791	24384	25058	131	0	2.7	18864	10	h3/TLSv1.3/aioquic-1.3.0
h3	aioquic	1	3	5.800	26889	31001	31546	87	0	6.6	51600	7	h3/TLSv1.3/aioquic-1.3.0
h3	mojo	16	1	139.600	11592	30038	35503	2094	0	12.0	20240	10	h3/TLSv1.3/aioquic-1.3.0
h3	aioquic	16	1	140.533	8682	18050	25246	2108	0	35.1	90592	7	h3/TLSv1.3/aioquic-1.3.0
h3	aioquic	16	2	138.800	8693	20088	26910	2082	0	34.5	97584	7	h3/TLSv1.3/aioquic-1.3.0
h3	mojo	16	2	143.067	9746	29210	36592	2146	0	11.9	20240	10	h3/TLSv1.3/aioquic-1.3.0
h3	mojo	16	3	141.800	11046	28576	35031	2127	0	12.5	20240	10	h3/TLSv1.3/aioquic-1.3.0
h3	aioquic	16	3	135.133	8453	18748	24896	2027	1	32.4	99200	7	h3/TLSv1.3/aioquic-1.3.0
